{
  "means": {
    "shape": [
      208849,
      3
    ],
    "dtype": "float32",
    "mins": [
      -2.17533802986145,
      -2.2061972618103027,
      -2.1345221996307373
    ],
    "maxs": [
      2.192922830581665,
      -0.18258339166641235,
      2.181898832321167
    ],
    "files": [
      "means_l.webp",
      "means_u.webp"
    ]
  },
  "scales": {
    "shape": [
      208849,
      3
    ],
    "dtype": "float32",
    "mins": [
      -9.82995891571045,
      -9.52491283416748,
      -9.613454818725586
    ],
    "maxs": [
      -0.4018058180809021,
      -0.43266943097114563,
      -0.13731393218040466
    ],
    "files": [
      "scales.webp"
    ]
  },
  "quats": {
    "shape": [
      208849,
      4
    ],
    "dtype": "uint8",
    "encoding": "quaternion_packed",
    "files": [
      "quats.webp"
    ]
  },
  "sh0": {
    "shape": [
      208849,
      1,
      4
    ],
    "dtype": "float32",
    "mins": [
      -3.0,
      -3.0,
      -3.0,
      -3.743342638015747
    ],
    "maxs": [
      3.0,
      3.0,
      3.0,
      9.3190279006958
    ],
    "files": [
      "sh0.webp"
    ]
  },
  "shN": {
    "shape": [
      208849,
      45
    ],
    "dtype": "float32",
    "mins": -0.8999820351600647,
    "maxs": 0.8996774554252625,
    "quantization": 8,
    "files": [
      "shN_centroids.webp",
      "shN_labels.webp"
    ]
  }
}